car_id,brand,model,year,price_inr,km_driven,fuel_type,transmission,owner_type,mileage_kmpl,engine_cc,city,insurance_valid,seller_rating,listed_date
CAR001,maruti,Baleno,2009,236000,13300,petrol,manual,1st,12.9,1000,hyderabad,Yes,3.1,02-02-2026
CAR002,MARUTI,i20,2010,292000,17600,Diesel,Automatic,Second,13.8,1200,Hyd,Yes,3.2,03-03-2026
CAR003,Hyundai,Creta,2011,348000,21900,diesel ,Auto,2nd,14.7,1400,Bangalore,Yes,3.3,04-04-2026
CAR004,hyundai ,Nexon,2012,404000,26200,CNG,AUTOMATIC,Third,15.6,1600,Bengaluru,NO,3.4,05-05-2026
CAR005,Tata,XUV300,2013,460000,30500,Electric,Manual,3rd,16.5,1800,Mumbai,Yes,3.5,06-06-2026
CAR006,TATA,Seltos,2014,516000,34800,PETROL,manual,First,17.4,2000,Pune,Yes,3.6,07-07-2026
CAR007,Mahindra,Kwid,2015,509000,39100,Petrol,Automatic,1st,18.3,2200,Chennai,Yes,3.7,08-08-2026
CAR008,Kia,Innova,2016,565000,43400,petrol,Auto,Second,19.2,800,Delhi,NO,3.8,09-09-2026
CAR009,Renault,Altroz,2017,621000,47700,Diesel,AUTOMATIC,2nd,20.1,1000,New Delhi,Yes ,3.9,10-10-2026
CAR010,Toyota,Swift,2018,677000,52000,diesel ,Manual,Third,12,1200,Hyderabad,Yes,4,11-11-2026
CAR011,Toyta,Baleno,2019,733000,56300,CNG,manual,3rd,12.9,1400,hyderabad,Yes,4.1,12-12-2026
CAR012,Maruti,i20,2020,789000,60600,Electric,Automatic,First,13.8,1600,Hyd,NO,4.2,13-01-2026
CAR013,maruti,Creta,2021,845000,64900,PETROL,Auto,1st,14.7,1800,Bangalore,Yes,4.3,14-02-2026
CAR014,MARUTI,Nexon,2022,838000,69200,Petrol,AUTOMATIC,Second,15.6,2000,Bengaluru,Yes,4.4,15-03-2026
CAR015,Hyundai,XUV300,2023,894000,73500,petrol,Manual,2nd,16.5,2200,Mumbai,Yes,4.5,16-04-2026
CAR016,hyundai ,Seltos,2024,950000,77800,Diesel,manual,Third,17.4,800,Pune,NO,4.6,17-05-2026
CAR017,Tata,Kwid,2008,9500000,82100,diesel ,Automatic,3rd,18.3,1000,Chennai,Yes,4.7,18-06-2026
CAR018,TATA,Innova,2009,1062000,86400,CNG,Auto,First,19.2,1200,Delhi,Yes ,4.8,19-07-2026
CAR019,,Altroz,2010,1118000,90700,Electric,AUTOMATIC,1st,20.1,1400,New Delhi,Yes,4.9,20-08-2026
CAR020,Kia,Swift,2011,1174000,95000,PETROL,Manual,Second,12,1600,Hyderabad,NO,5,21-09-2026
CAR021,Renault,Baleno,2012,1167000,99300,Petrol,manual,2nd,,1800,hyderabad,Yes,3,22-10-2026
CAR022,Toyota,i20,2013,1223000,103600,petrol,Automatic,Third,13.8,2000,Hyd,Yes,8.7,23-11-2026
CAR023,Toyta,Creta,2014,,107900,Diesel,Auto,3rd,14.7,2200,Bangalore,Yes,3.2,24-12-2026
CAR024,Maruti,Nexon,2015,207000,112200,diesel ,AUTOMATIC,First,15.6,800,Bengaluru,NO,3.3,25-01-2026
CAR025,maruti,XUV300,2016,263000,116500,CNG,Manual,1st,16.5,1000,Mumbai,Yes,3.4,31/02/2025
CAR026,MARUTI,Seltos,2017,319000,120800,Electric,manual,Second,17.4,N/A,Pune,Yes,3.5,27-03-2026
CAR027,Hyundai,Kwid,unknown,375000,125100,PETROL,Automatic,2nd,18.3,1400,Chennai,Yes ,3.6,01-04-2026
CAR028,hyundai ,Innova,2019,368000,129400,Petrol,Auto,Third,19.2,1600,Delhi,NO,3.7,02-05-2026
CAR029,Tata,Altroz,2020,424000,133700 km,petrol,AUTOMATIC,3rd,20.1,1800,New Delhi,Yes,3.8,03-06-2026
CAR030,TATA,Swift,2021,480000,138000,Diesel,Manual,First,12,2000,Hyderabad,Yes,3.9,04-07-2026
CAR031,Mahindra,Baleno,2022,536000,9000,diesel ,,1st,12.9,2200,hyderabad,Yes,4,05-08-2026
CAR032,Kia,i20,2023,592000,13300,CNG,Automatic,Second,13.8,800,Hyd,NO,4.1,06-09-2026
CAR033,Renault,Creta,2024,648000,17600,Electric,Auto,2nd,14.7,1000,Bangalore,Yes,4.2,07-10-2026
CAR034,Toyota,Nexon,2008,704000,21900,PETROL,AUTOMATIC,Third,15.6,1200,Bengaluru,Yes,4.3,08-11-2026
CAR035,Toyta,XUV300,2009,697000,26200,Petrol,Manual,3rd,16.5,1400,Mumbai,Yes,4.4,09-12-2026
CAR036,Maruti,Seltos,2010,753000,30500,petrol,manual,First,17.4,1600,Pune,Yes ,4.5,10-01-2026
CAR037,maruti,Kwid,2011,809000,34800,Diesel,Automatic,1st,18.3,1800,Chennai,Yes,4.6,11-02-2026
CAR038,,Innova,2012,865000,39100,diesel ,Auto,Second,19.2,2000,Delhi,Yes,4.7,12-03-2026
CAR039,Hyundai,Altroz,2013,921000,43400,CNG,AUTOMATIC,2nd,20.1,2200,New Delhi,Yes,4.8,13-04-2026
CAR040,hyundai ,Swift,2014,977000,47700,Electric,Manual,Third,12,800,Hyderabad,NO,4.9,14-05-2026
CAR041,Tata,Baleno,2015,1033000,52000,PETROL,manual,3rd,12.9,1000,hyderabad,Yes,5,15-06-2026
CAR042,TATA,i20,2016,1026000,56300,Petrol,Automatic,First,,1200,Hyd,Yes,3,16-07-2026
CAR043,Mahindra,Creta,2017,1082000,60600,petrol,Auto,1st,14.7,1400,Bangalore,Yes,3.1,17-08-2026
CAR044,Kia,Nexon,2018,1138000,64900,Diesel,AUTOMATIC,Second,15.6,1600,Bengaluru,NO,8.7,18-09-2026
CAR045,Renault,XUV300,2019,1194000,69200,diesel ,Manual,2nd,16.5,1800,Mumbai,Yes ,3.3,19-10-2026
CAR046,Toyota,Seltos,2020,,73500,CNG,manual,Third,17.4,2000,Pune,Yes,3.4,20-11-2026
CAR047,Toyta,Kwid,2021,1306000,77800,Electric,Automatic,3rd,18.3,2200,Chennai,Yes,3.5,21-12-2026
CAR048,Maruti,Innova,2022,234000,82100,PETROL,Auto,First,19.2,800,Delhi,NO,3.6,22-01-2026
CAR049,maruti,Altroz,2023,227000,-1200,Petrol,AUTOMATIC,1st,20.1,1000,New Delhi,Yes,3.7,23-02-2026
CAR050,MARUTI,Swift,2024,283000,90700,petrol,Manual,Second,12,1200,Hyderabad,Yes,3.8,31/02/2025
CAR051,Hyundai,Baleno,2008,339000,95000,Diesel,manual,2nd,12.9,1400,hyderabad,Yes,3.9,25-04-2026
CAR052,hyundai ,i20,2009,395000,99300,diesel ,Automatic,Third,13.8,N/A,Hyd,NO,4,26-05-2026
CAR053,Tata,Creta,2010,451000,103600,CNG,Auto,3rd,14.7,1800,Bangalore,Yes,4.1,27-06-2026
CAR054,TATA,Nexon,unknown,507000,107900,Electric,AUTOMATIC,First,15.6,2000,Bengaluru,Yes ,4.2,01-07-2026
CAR055,Mahindra,XUV300,2012,563000,112200,PETROL,Manual,1st,16.5,2200,Mumbai,Yes,4.3,02-08-2026
CAR056,Kia,Seltos,2013,556000,116500,Petrol,manual,Second,17.4,800,Pune,NO,4.4,03-09-2026
CAR057,,Kwid,2014,612000,120800,petrol,Automatic,2nd,18.3,1000,Chennai,Yes,4.5,04-10-2026
CAR058,Toyota,Innova,2015,668000,125100 km,Diesel,Auto,Third,19.2,1200,Delhi,Yes,4.6,05-11-2026
CAR059,Toyta,Altroz,2016,724000,129400,diesel ,AUTOMATIC,3rd,20.1,1400,New Delhi,Yes,4.7,06-12-2026
CAR060,Maruti,Swift,2017,780000,133700,CNG,Manual,First,12,1600,Hyderabad,NO,4.8,07-01-2026
CAR061,maruti,Baleno,2018,836000,138000,Electric,manual,1st,12.9,1800,hyderabad,Yes,4.9,08-02-2026
CAR062,MARUTI,i20,2019,892000,9000,PETROL,,Second,13.8,2000,Hyd,Yes,5,09-03-2026
CAR063,Hyundai,Creta,2020,885000,13300,Petrol,Auto,2nd,,2200,Bangalore,Yes ,3,10-04-2026
CAR064,hyundai ,Nexon,2021,941000,17600,petrol,AUTOMATIC,Third,15.6,800,Bengaluru,NO,3.1,11-05-2026
CAR065,Tata,XUV300,2022,997000,21900,Diesel,Manual,3rd,16.5,1000,Mumbai,Yes,3.2,12-06-2026
CAR066,TATA,Seltos,2023,1053000,26200,diesel ,manual,First,17.4,1200,Pune,Yes,8.7,13-07-2026
CAR067,Mahindra,Kwid,2024,1109000,30500,CNG,Automatic,1st,18.3,1400,Chennai,Yes,3.4,14-08-2026
CAR068,Kia,Innova,2008,1165000,34800,Electric,Auto,Second,19.2,1600,Delhi,NO,3.5,15-09-2026
CAR069,Renault,Altroz,2009,,39100,PETROL,AUTOMATIC,2nd,20.1,1800,New Delhi,Yes,3.6,16-10-2026
CAR070,Toyota,Swift,2010,1214000,43400,Petrol,Manual,Third,12,2000,Hyderabad,Yes,3.7,17-11-2026
CAR071,Toyta,Baleno,2011,1270000,47700,petrol,manual,3rd,12.9,2200,hyderabad,Yes,3.8,18-12-2026
CAR072,Maruti,i20,2012,198000,52000,Diesel,Automatic,First,13.8,800,Hyd,Yes ,3.9,19-01-2026
CAR073,maruti,Creta,2013,254000,56300,diesel ,Auto,1st,14.7,1000,Bangalore,Yes,4,20-02-2026
CAR074,MARUTI,Nexon,2014,310000,60600,CNG,AUTOMATIC,Second,15.6,1200,Bengaluru,Yes,4.1,21-03-2026
CAR075,Hyundai,XUV300,2015,366000,64900,Electric,Manual,2nd,16.5,1400,Mumbai,Yes,4.2,31/02/2025
CAR076,,Seltos,2016,422000,69200,PETROL,manual,Third,17.4,1600,Pune,NO,4.3,23-05-2026
CAR077,Tata,Kwid,2017,415000,73500,Petrol,Automatic,3rd,18.3,1800,Chennai,Yes,4.4,24-06-2026
CAR078,TATA,Innova,2018,471000,77800,petrol,Auto,First,19.2,N/A,Delhi,Yes,4.5,25-07-2026
CAR079,Mahindra,Altroz,2019,527000,82100,Diesel,AUTOMATIC,1st,20.1,2200,New Delhi,Yes,4.6,26-08-2026
CAR080,Kia,Swift,2020,583000,86400,diesel ,Manual,Second,12,800,Hyderabad,NO,4.7,27-09-2026
CAR081,Renault,Baleno,unknown,639000,90700,CNG,manual,2nd,12.9,1000,hyderabad,Yes ,4.8,01-10-2026
CAR082,Toyota,i20,2022,695000,95000,Electric,Automatic,Third,13.8,1200,Hyd,Yes,4.9,02-11-2026
CAR083,Toyta,Creta,2023,751000,99300,PETROL,Auto,3rd,14.7,1400,Bangalore,Yes,5,03-12-2026
CAR084,Maruti,Nexon,2024,744000,103600,Petrol,AUTOMATIC,First,,1600,Bengaluru,NO,3,04-01-2026
CAR085,maruti,XUV300,2008,800000,107900,petrol,Manual,1st,16.5,1800,Mumbai,Yes,3.1,05-02-2026
CAR086,MARUTI,Seltos,2009,856000,112200,Diesel,manual,Second,17.4,2000,Pune,Yes,3.2,06-03-2026
CAR087,Hyundai,Kwid,2010,912000,116500 km,diesel ,Automatic,2nd,18.3,2200,Chennai,Yes,3.3,07-04-2026
CAR088,hyundai ,Innova,2011,968000,650000,CNG,Auto,Third,19.2,800,Delhi,NO,8.7,08-05-2026
CAR089,Tata,Altroz,2012,1024000,125100,Electric,AUTOMATIC,3rd,20.1,1000,New Delhi,Yes,3.5,09-06-2026
CAR090,TATA,Swift,2013,1080000,129400,PETROL,Manual,First,12,1200,Hyderabad,Yes ,3.6,10-07-2026
CAR091,Mahindra,Baleno,2014,1073000,133700,Petrol,manual,1st,12.9,1400,hyderabad,Yes,3.7,11-08-2026
CAR092,Kia,i20,2015,,138000,petrol,Automatic,Second,13.8,1600,Hyd,NO,3.8,12-09-2026
CAR093,Renault,Creta,2016,1185000,9000,Diesel,,2nd,14.7,1800,Bangalore,Yes,3.9,13-10-2026
CAR094,Toyota,Nexon,2017,1241000,13300,diesel ,AUTOMATIC,Third,15.6,2000,Bengaluru,Yes,4,14-11-2026
CAR095,,XUV300,2018,1297000,17600,CNG,Manual,3rd,16.5,2200,Mumbai,Yes,4.1,15-12-2026
CAR096,Maruti,Seltos,2019,225000,21900,Electric,manual,First,17.4,800,Pune,NO,4.2,16-01-2026
CAR097,maruti,Kwid,2020,281000,26200,PETROL,Automatic,1st,18.3,1000,Chennai,Yes,4.3,17-02-2026
CAR098,MARUTI,Innova,2021,274000,30500,Petrol,Auto,Second,19.2,1200,Delhi,Yes,4.4,18-03-2026
CAR099,Hyundai,Altroz,2022,330000,34800,petrol,AUTOMATIC,2nd,20.1,1400,New Delhi,Yes ,4.5,19-04-2026
CAR100,hyundai ,Swift,2023,386000,39100,Diesel,Manual,Third,12,1600,Hyderabad,NO,4.6,31/02/2025
CAR101,Tata,Baleno,2024,442000,43400,diesel ,manual,3rd,12.9,1800,hyderabad,Yes,4.7,21-06-2026
CAR102,TATA,i20,2008,498000,47700,CNG,Automatic,First,13.8,2000,Hyd,Yes,4.8,22-07-2026
CAR103,Mahindra,Creta,2009,554000,52000,Electric,Auto,1st,14.7,2200,Bangalore,Yes,4.9,23-08-2026
CAR104,Kia,Nexon,2010,610000,56300,PETROL,AUTOMATIC,Second,15.6,N/A,Bengaluru,NO,5,24-09-2026
CAR105,Renault,XUV300,2011,603000,60600,Petrol,Manual,2nd,,1000,Mumbai,Yes,3,25-10-2026
CAR106,Toyota,Seltos,2012,659000,64900,petrol,manual,Third,17.4,1200,Pune,Yes,3.1,26-11-2026
CAR107,Toyta,Kwid,2013,715000,69200,Diesel,Automatic,3rd,18.3,1400,Chennai,Yes,3.2,27-12-2026
CAR108,Maruti,Innova,unknown,771000,73500,diesel ,Auto,First,19.2,1600,Delhi,Yes ,3.3,01-01-2026
CAR109,maruti,Altroz,2015,827000,77800,CNG,AUTOMATIC,1st,20.1,1800,New Delhi,Yes,3.4,02-02-2026
CAR110,MARUTI,Swift,2016,883000,82100,Electric,Manual,Second,12,2000,Hyderabad,Yes,8.7,03-03-2026
CAR111,Hyundai,Baleno,2017,939000,86400,PETROL,manual,2nd,12.9,2200,hyderabad,Yes,3.6,04-04-2026
CAR112,hyundai ,i20,2018,932000,90700,Petrol,Automatic,Third,13.8,800,Hyd,NO,3.7,05-05-2026
CAR113,Tata,Creta,2019,988000,95000,petrol,Auto,3rd,14.7,1000,Bangalore,Yes,3.8,06-06-2026
CAR114,,Nexon,2020,1044000,99300,Diesel,AUTOMATIC,First,15.6,1200,Bengaluru,Yes,3.9,07-07-2026
CAR115,Mahindra,XUV300,2021,,103600,diesel ,Manual,1st,16.5,1400,Mumbai,Yes,4,08-08-2026
CAR116,Kia,Seltos,2022,1156000,107900 km,CNG,manual,Second,17.4,1600,Pune,NO,4.1,09-09-2026
CAR117,Renault,Kwid,2023,1212000,112200,Electric,Automatic,2nd,18.3,1800,Chennai,Yes ,4.2,10-10-2026
CAR118,Toyota,Innova,2024,1268000,116500,PETROL,Auto,Third,19.2,2000,Delhi,Yes,4.3,11-11-2026
CAR119,Toyta,Altroz,2008,1261000,120800,Petrol,AUTOMATIC,3rd,20.1,2200,New Delhi,Yes,4.4,12-12-2026
CAR120,Maruti,Swift,2009,189000,125100,petrol,Manual,First,12,800,Hyderabad,NO,4.5,13-01-2026
CAR012,Maruti,i20,2020,789000,60600,Electric,Automatic,First,13.8,1600,Hyd,NO,4.2,13-01-2026
CAR038,,Innova,2012,865000,39100,diesel ,Auto,Second,19.2,2000,Delhi,Yes,4.7,12-03-2026
CAR075,Hyundai,XUV300,2015,366000,64900,Electric,Manual,2nd,16.5,1400,Mumbai,Yes,4.2,31/02/2025
